{
    "point0": {"x":97, "y":327},
	"point1": {"x":52, "y":245},
	"point2": {"x":49, "y":164},
	"point3": {"x":92, "y":85},
	"point4": {"x":189, "y":76},
	"point5": {"x":137, "y":191},
	"point6": {"x":189, "y":279},
	"point7": {"x":283, "y":253},
	"point8": {"x":256, "y":130},
	"point9": {"x":307, "y":65},
	"point10": {"x":351, "y":181},
	"point11": {"x":354, "y":323},
	"point12": {"x":429, "y":244},
	"point13": {"x":431, "y":53},
	"point14": {"x":492, "y":139},
	"point15": {"x":534, "y":271},
	"point16": {"x":481, "y":346},
	"point17": {"x":629, "y":308},
	"point18": {"x":580, "y":188},
	"point19": {"x":542, "y":69},
	"point20": {"x":634, "y":69},
	"point21": {"x":667, "y":162},
	"point22": {"x":729, "y":229},
	"point23": {"x":741, "y":324},
	"point24": {"x":815, "y":255},
	"point25": {"x":792, "y":173},
	"point26": {"x":752, "y":85},
	"point27": {"x":874, "y":73},
	"point28": {"x":898, "y":162},
	"point29": {"x":941, "y":238},
	"point30": {"x":875, "y":325},
	"point31": {"x":963, "y":308},
    "bike1": {
        "driver_head": {
            "x": -1.8,
            "y": -59.5,
            "r": 14.998931884765625,
            "g": "driver_head1"
        },
        "driver_forearm": {
            "x": 8.8,
            "y": -33.35,
            "r": 11.00091552734375,
            "g": "driver_forearm1"
        },
        "driver_arm": {
            "x": -4.25,
            "y": -39.4,
            "r": 44.99913024902344,
            "g": "driver_arm1"
        },
        "driver_shin": {
            "x": -1.8,
            "y": -2.7,
            "r": 3.0003509521484375,
            "g": "driver_shin1"
        },
        "driver_hip": {
            "x": -7.4,
            "y": -18.5,
            "r": 29.9998779296875,
            "g": "driver_hip1"
        },
        "driver_corpse": {
            "x": -8.35,
            "y": -33.75,
            "r": 15.732131958007812,
            "g": "driver_corpse1"
        },
        "suspend_front": {
            "x": 46,
            "y": 16,
            "r": 63.00018310546875,
            "g": "suspend_front1"
        },
        "base": {
            "x": 0,
            "y": 0,
            "r": 0,
            "g": "bike_1_base"
        },
        "suspend_back": {
            "x": -6,
            "y": 12,
            "r": 169.69569396972656,
            "g": "suspend_back1"
        },
        "Wheel0": {
            "x": -35,
            "y": 17,
            "r": 0,
            "g": "Wheel_1_0"
        },
        "Wheel1": {
            "x": 44,
            "y": 17,
            "r": 0,
            "g": "Wheel_1_0"
        }
    },
    "bike3": {
        "driver_head": {
            "x": -1.8,
            "y": -59.5,
            "r": 14.998931884765625,
            "g": "driver_head3"
        },
        "driver_forearm": {
            "x": 8.8,
            "y": -33.35,
            "r": 11.00091552734375,
            "g": "driver_forearm3"
        },
        "driver_arm": {
            "x": -4.25,
            "y": -39.4,
            "r": 44.99913024902344,
            "g": "driver_arm3"
        },
        "driver_shin": {
            "x": -1.8,
            "y": -2.7,
            "r": 3.0003509521484375,
            "g": "driver_shin3"
        },
        "driver_hip": {
            "x": -7.4,
            "y": -18.5,
            "r": 29.9998779296875,
            "g": "driver_hip3"
        },
        "driver_corpse": {
            "x": -8.35,
            "y": -33.75,
            "r": 15.732131958007812,
            "g": "driver_corpse3"
        },
        "suspend_front": {
            "x": 44,
            "y": 15,
            "r": 63.00018310546875,
            "g": "suspend_front3"
        },
        "base": {
            "x": 0,
            "y": 0,
            "r": 0,
            "g": "bike_3_base"
        },
        "suspend_back": {
            "x": -6,
            "y": 12,
            "r": 169.69569396972656,
            "g": "suspend_back3"
        },
        "Wheel0": {
            "x": -34,
            "y": 17,
            "r": 0,
            "g": "Wheel_3_0"
        },
        "Wheel1": {
            "x": 46,
            "y": 16,
            "r": 0,
            "g": "Wheel_3_0"
        }
    },
    "bike5": {
        "driver_head": {
            "x": -1.8,
            "y": -59.5,
            "r": 14.998931884765625,
            "g": "driver_head5"
        },
        "driver_forearm": {
            "x": 8.8,
            "y": -33.35,
            "r": 11.00091552734375,
            "g": "driver_forearm5"
        },
        "driver_arm": {
            "x": -4.25,
            "y": -39.4,
            "r": 44.99913024902344,
            "g": "driver_arm5"
        },
        "driver_shin": {
            "x": -1.8,
            "y": -2.7,
            "r": 3.0003509521484375,
            "g": "driver_shin5"
        },
        "driver_hip": {
            "x": -7.4,
            "y": -18.5,
            "r": 29.9998779296875,
            "g": "driver_hip5"
        },
        "driver_corpse": {
            "x": -8.35,
            "y": -33.75,
            "r": 15.732131958007812,
            "g": "driver_corpse5"
        },
        "suspend_front": {
            "x": 49,
            "y": 13,
            "r": 63.00018310546875,
            "g": "suspend_front5"
        },
        "base": {
            "x": 0,
            "y": 0,
            "r": 0,
            "g": "bike_5_base"
        },
        "suspend_back": {
            "x": -10,
            "y": 12,
            "r": 169.69569396972656,
            "g": "suspend_back5"
        },
        "Wheel0": {
            "x": -34,
            "y": 17,
            "r": 0,
            "g": "Wheel_5_0"
        },
        "Wheel1": {
            "x": 47,
            "y": 17,
            "r": 0,
            "g": "Wheel_5_0"
        }
    },
    "bike11": {
        "driver_head": {
            "x": 20.1,
            "y": -56.55,
            "r": 47.00189208984375,
            "g": "driver_head1"
        },
        "driver_forearm": {
            "x": 19,
            "y": -31.5,
            "r": 25.82525634765625,
            "g": "driver_forearm1"
        },
        "driver_arm": {
            "x": 7.9,
            "y": -40.7,
            "r": 59.82405090332031,
            "g": "driver_arm1"
        },
        "driver_shin": {
            "x": -34.45,
            "y": -48.55,
            "r": 117.83747863769531,
            "g": "driver_shin1"
        },
        "driver_hip": {
            "x": -17.8,
            "y": -47.95,
            "r": 144.83595275878906,
            "g": "driver_hip1"
        },
        "driver_corpse": {
            "x": -1.15,
            "y": -46.8,
            "r": 100.73109436035156,
            "g": "driver_corpse1"
        },
        "suspend_front": {
            "x": 40.35,
            "y": 26.75,
            "r": 78.82647705078125,
            "g": "suspend_front1"
        },
        "base": {
            "x": 0.5,
            "y": -1.2,
            "r": 15.826858520507812,
            "g": "bike_1_base"
        },
        "suspend_back": {
            "x": -8.5,
            "y": 8.7,
            "r": -174.4778289794922,
            "g": "suspend_back1"
        },
        "Wheel0": {
            "x": -37.8,
            "y": 5.6,
            "r": 15.826858520507812,
            "g": "Wheel_1_0"
        },
        "Wheel1": {
            "x": 38.15,
            "y": 27.15,
            "r": 15.826858520507812,
            "g": "Wheel_1_0"
        }
    },
    "Plank0": {
        "shape": "rect",
        "h": 17.3,
        "w": 71.1
    },
	"PlankWipe0": {
		"shape":"rect",
		"h":18,
		"w":85
	},
	"RemovedWipe0": {
		"shape":"rect",
		"h":85,
		"w":18
	},
	"SphereE":{
		"h":274,
		"shape":"circ",
		"w":274
	},
    "PlankBone": {
        "shape": "rect",
        "h": 12,
        "w": 85
    },
    "PlankCandy": {
        "shape": "rect",
        "h": 18,
        "w": 85
    },
    "Tnt1": {
        "h": 52.8,
        "shape": "rect",
        "w": 52.8
    },